id,first,last
999,Sybilla,Bees
9992,Waylan,Olenchenko
3,Catharine,Siggery
4,Pascal,Ellerman
5,Nevins,De Bruijn
6,Joeann,Goscomb
7,Trey,Painten
8,Raoul,Poveleye
9,Teressa,Edkins
10,Martino,Oxnam
11,Anastasia,Proffer
12,Euell,Whithalgh
13,Stormi,Oleszczak
14,Orin,Adao
15,Maia,Cauthra
16,Filippa,Ivie
17,Curtis,Boast
18,Elle,Androli
19,Dannie,Cowan
20,Suzy,Elderton
21,Alic,Hatrey
22,Rickard,Middlehurst
23,Calida,Alcido
24,Aeriela,Decreuze
25,Enrichetta,Mathouse
26,Goober,Fielders
27,Yurik,Oleszcuk
28,Raimund,Cloke
29,Letisha,Geany
30,Delly,Tuma
31,Heidi,Pahler
32,Barde,Paoletti
33,Rodrique,McKeady
34,Rosabelle,Pietsma
35,Byran,Winskill
36,Dilan,Lillicrop
37,Gearalt,Browell
38,Katti,Bullock
39,Gavra,Bullan
40,Basilius,Hurley
41,Madlen,Rizzardo
42,Zabrina,Vasentsov
43,Mellie,Stoade
44,Delilah,Pinilla
45,Zorana,Murrells
46,Lucila,Peirpoint
47,Clemmie,Radmore
48,Waylon,Shalloo
49,Carlene,Ilchenko
50,Ailene,Whitington
51,Theresina,Thornewell
52,Sheeree,Everit
53,Kendall,Kesley
54,Gwenneth,Rumney
55,Lothaire,Sellar
56,Jamal,Bowlesworth
57,Vlad,Bernadot
58,Cathee,Beel
59,Marlo,Boldecke
60,Starlin,Lamacraft
61,Stavros,Costall
62,Pippy,O'Hannen
63,Nollie,Beazleigh
64,Garrot,Salmon
65,Colet,Clapshaw
66,Maiga,Endrici
67,Beatriz,Panton
68,Vi,De Francesco
69,Irita,Oakwood
70,Thorn,Megany
71,Farrand,Erbain
72,Cami,Ratledge
73,Devina,Scothern
74,Page,Whittingham
75,Roshelle,Mendenhall
76,Lorrin,Dering
77,Rhodie,Shinton
78,Karlik,Banasik
79,Hilario,Birts
80,Marsiella,Coy
81,Paolina,Dyble
82,Hiram,Gabbetis
83,Daron,Pyke
84,Nariko,Scarce
85,Marlee,Regina
86,Sigismond,Dimic
87,Marius,Trowsdall
88,Sterne,Chantler
89,Hedwig,Cartmale
90,Kendal,Sherrum
91,Shela,Landsborough
92,Nance,McCague
93,Mattie,Eckersall
94,Moore,Andreix
95,Rubie,Wais
96,Antonius,Kemble
97,Robinia,Humby
98,Wallace,Hackly
99,Leanora,Jewsbury
100,Cele,Fanton
101,Willis,Berick
102,Tabby,Reynold
103,Tonye,Rate
104,Renate,Archambault
105,Feliza,Scalera
106,Goran,Rivaland
107,Frances,Daltry
108,Torey,Lusk
109,Camilla,Batchelor
110,Vivia,Morten
111,Hermy,Brazil
112,Vernice,Danbye
113,Laurent,Bonafant
114,Dode,Correa
115,Cherlyn,Balchen
116,Verne,Corpe
117,Tabatha,Wermerling
118,Jayne,Tawse
119,Francisca,Grimditch
120,Manda,Mahon
121,Daryl,Tilne
122,Flori,Wenban
123,Rosie,Guildford
124,Clarance,Bollom
125,Tamarah,Bartot
126,Margareta,Eisenberg
127,Catlin,Ivimey
128,Zared,Carnaman
129,Brendan,Ugoni
130,Marylinda,Anstice
131,Stanwood,Sandells
132,Wildon,Donaher
133,Gigi,Darragh
134,Sascha,Clayhill
135,Nikolia,Loftus
136,Roslyn,Barajas
137,Lara,Jobern
138,Debor,Sellor
139,Harriette,Kivlin
140,Gladys,Bardnam
141,Ariela,Panas
142,Nelly,McGavigan
143,Kean,Nobes
144,Megen,Wartonby
145,Anderson,Emsden
146,Jeralee,Doyley
147,Ive,MacMoyer
148,Sheffy,Blything
149,Arabella,Gradley
150,Darryl,Snoddy
151,Brett,Prendeville
152,Livvyy,O'Keaveny
153,Oneida,McGifford
154,Alyss,Benadette
155,Cherish,Ferroli
156,Corinna,Laible
157,Eimile,Algore
158,Barry,Dexter
159,Foster,Cess
160,Lynnette,Quadrio
161,Tommie,Errichelli
162,Em,Bushaway
163,Warren,Mac Giany
164,Corrie,Merington
165,Corty,Medina
166,Charley,Navan
167,Collette,Leppingwell
168,Zahara,Full
169,Demetre,Atwell
170,Devlin,Axby
171,Chaim,Bedward
172,Dede,Greeno
173,Burnaby,Gavaran
174,Gerome,Trevear
175,Regan,Wickins
176,Matti,Fowkes
177,Hyacinthe,Maciejak
178,Sheelagh,Michelmore
179,Arne,Andreaccio
180,Kristyn,Dinnington
181,Phillie,Plumbe
182,Ware,Edgeworth
183,Euell,Skerme
184,Luelle,Bellamy
185,Dory,Gunthorp
186,Trina,Taffie
187,Heida,Drynan
188,Mollie,Weldon
189,Allyn,Killgus
190,Jamill,Berdale
191,Tybi,Hadwen
192,Raff,Beals
193,Muffin,Sweeting
194,Kleon,Cripps
195,Hunt,Mulliss
196,Reinald,Eirwin
197,Hyacinth,Gyse
198,Pris,Farryan
199,Ricoriki,Romain
200,Wallis,Lambot
201,Der,Ziebart
202,Emlen,Rubartelli
203,Austina,Skalls
204,Anderson,Coleford
205,Heinrick,Bragge
206,Pansy,Bramsom
207,Micky,Fugere
208,Connor,Grastye
209,Cahra,Hallows
210,Saxe,Mitkcov
211,Whit,Beniesh
212,Rodrick,Spileman
213,Glynn,Hedin
214,Darrin,Tutton
215,Michel,Shallo
216,Donna,Mitchel
217,Hayley,Zellner
218,Gilberte,Elliman
219,Zorine,Masseo
220,Lorianne,Valasek
221,Keene,Bifield
222,El,Stuckley
223,Kathryne,Loreit
224,Elysee,Hext
225,Fionna,Rosedale
226,Bruno,Fronek
227,Constantine,Albon
228,Brnaba,Kohrsen
229,Margaret,Caudrelier
230,Olly,Planque
231,Harrison,Coiley
232,Lynea,Cardello
233,Tadeas,Quincey
234,Shaun,Kirkam
235,Sidoney,Beldan
236,Ole,Huggett
237,Cecilio,Lintill
238,Laurie,Rattray
239,Bonni,McPhee
240,Larry,Margach
241,Ardine,Cogman
242,Lynett,Bhar
243,Othilia,Goggins
244,Leodora,Banasevich
245,Garrick,Gover
246,Jacquette,Janjusevic
247,Faustina,McEnhill
248,Moria,Darben
249,Anissa,Mussolini
250,Debbi,Butland
251,Glennie,Shipsey
252,Lena,Eldered
253,Helene,Piele
254,Findley,McGuinley
255,Sonni,Shorthouse
256,Burtie,Reinhardt
257,Dorelle,Cords
258,Ayn,D'Adamo
259,Emmet,Erik
260,Afton,Privost
261,Delmer,Skipsey
262,Lu,Robottom
263,Jone,Cowle
264,Keven,Wackley
265,Mel,Saynor
266,Donella,Deighton
267,Conroy,Kingett
268,Sibylle,Zannelli
269,Nadia,Portlock
270,Ulberto,Marchetti
271,Wenonah,Huglin
272,Sarette,Manicomb
273,Glennie,Colgrave
274,Clarita,Rogez
275,Elisha,Heskins
276,Worthy,Cousins
277,Spenser,Caudle
278,Archaimbaud,Frend
279,Verne,Probyn
280,Robbert,Lorente
281,Mozelle,Luter
282,Delainey,Crimmins
283,Illa,Snoden
284,Ase,Griffey
285,Casper,Windress
286,Ethe,Gierke
287,Kinny,Yurivtsev
288,Britte,Bowich
289,Corenda,Flacknoe
290,Babita,Simonetti
291,Tine,Blyth
292,Hazel,Dmitr
293,Nessy,Overland
294,Lonni,Swenson
295,Puff,Knott
296,Charin,Eringey
297,Franky,Stanmore
298,Parsifal,Blanche
299,Fanya,Girdlestone
300,Lanni,Ambrosetti
301,Sayer,Rowcastle
302,Barby,Simcoe
303,Erhard,Adamczewski
304,Sterling,Jiroutka
305,Cozmo,Roobottom
306,Saba,Rodder
307,Margaretta,Consadine
308,Harcourt,Margarson
309,Sheeree,Spiteri
310,Codie,Licciardi
311,Carissa,Scarsbrick
312,Efrem,McTurley
313,Nobe,Leroux
314,Tedie,Kearsley
315,Consuela,Neale
316,Irma,Torbard
317,Paddy,Wickersham
318,Goldi,Pittle
319,Loni,Gaynsford
320,Veriee,Carnaman
321,Smitty,Stellman
322,Eyde,Luckes
323,Gianni,Ely
324,Torre,Norris
325,Barrett,Holliar
326,Rachel,Madrell
327,Brittne,Obray
328,Bruno,Casarini
329,Sheelagh,Delue
330,Tarrance,Kitlee
331,Charlot,O'Hartigan
332,Gannie,Eckels
333,Vinni,Pavlenko
334,Aleksandr,Garford
335,Ibrahim,Knight
336,Nickolai,Cochrane
337,Katha,Oneill
338,Monro,Skerratt
339,Lind,Cheatle
340,Nichols,Utting
341,Tandie,Briereton
342,Salaidh,Hars
343,Killie,MacDunleavy
344,Germayne,Aynscombe
345,Levy,Annes
346,Donetta,Boylan
347,Donall,Kornas
348,Imogen,Yerby
349,Catarina,Vaudin
350,Lurlene,Keunemann
351,Hermy,Alcoran
352,Fenelia,Heartfield
353,Montgomery,Brobeck
354,Cosetta,Humphrys
355,Averill,Cowderoy
356,Mariya,Gready
357,Marylee,Priestland
358,Beryle,Aseef
359,Patrizio,Houdhury
360,Gustaf,Karpol
361,Zea,Teall
362,Granthem,Ion
363,Terese,Custance
364,Sunny,Ducket
365,Beverlie,Rosita
366,Nancee,Strettle
367,Alvinia,Cardenosa
368,Shaylah,Fisher
369,Dave,Metcalfe
370,Bibi,Treacher
371,Christoforo,Rotte
372,Howie,Thorndale
373,Gan,Littrell
374,Reginald,Kaveney
375,Olin,Doonican
376,Valentijn,Woollcott
377,Camey,Liggins
378,Nissy,Headey
379,Sindee,Santon
380,Kyla,Heathfield
381,Phoebe,Brandon
382,Reube,Sennett
383,Sunny,Olyfant
384,Gennifer,Cuff
385,Ortensia,Janek
386,Standford,O'Gaven
387,Tabina,Tetsall
388,Major,Cullerne
389,Gaile,Strood
390,Ulberto,Cawson
391,Alysia,Belsham
392,Alene,Gagen
393,Keen,Girodin
394,Bartlett,Jermin
395,Lyndel,Minshull
396,Grady,Giacopello
397,Claiborn,Barrable
398,Park,Klausewitz
399,Urbanus,Jowers
400,Lolita,Pirson
401,Gabriel,Lamberti
402,Christy,Merricks
403,Joshua,Naptin
404,Elvyn,de Clercq
405,Brena,Matson
406,Silvio,Hardern
407,Lesley,MacKim
408,Elana,Rockcliffe
409,Fedora,Clears
410,Russell,Labusch
411,Giordano,Baudi
412,Bessie,Dotterill
413,Cody,Frodsam
414,Kassi,Gayden
415,Morgen,Maylott
416,Kaine,Loche
417,Joey,Cockayne
418,Lorenza,Edmonston
419,Robbert,Tarborn
420,Owen,Gwatkins
421,Zak,McGuire
422,Daryle,Blair
423,Seward,Bromilow
424,Demetri,Andrez
425,Devlen,Hatt
426,Porter,Lengthorn
427,Rochelle,Dikles
428,Josie,Busen
429,Letisha,Fishbourne
430,Fergus,Mountlow
431,Ronny,Skip
432,Toiboid,Cranna
433,Ahmed,Iorns
434,Marven,Clowsley
435,Krispin,Perree
436,Vincents,Gerretsen
437,Kilian,McSporrin
438,Angelica,Ceeley
439,Leeann,Iverson
440,Eugene,Yurkin
441,Worth,Pikett
442,Rod,Chalk
443,Melvin,Sweatman
444,Sinclare,Ewebank
445,Drusilla,Shimuk
446,Lory,Hyndman
447,Goldy,Levens
448,Feliza,Offener
449,Jaquelin,Bysh
450,Kizzie,Kilian
451,Konstantin,Girvan
452,Lilllie,Jaggs
453,Roda,Rallings
454,Dinah,Maith
455,Jeanette,Danser
456,Asher,Armit
457,Caleb,Bedminster
458,Linet,Thibodeaux
459,Sherline,Ingre
460,Reginauld,Ibberson
461,Eleanore,Beddows
462,Marina,Scurfield
463,Kory,Wykes
464,Tommy,Stronack
465,Shannon,Espie
466,Dareen,Varfolomeev
467,Danita,Bromige
468,Theresa,Tolcharde
469,Colby,Plitz
470,Harriet,Facey
471,Winnie,McNeilley
472,Fairfax,Tremblet
473,Jonie,Varnals
474,Idaline,Hayen
475,Gregory,Humm
476,Reese,Jentle
477,Maisey,L'Hommeau
478,Benn,D'Acth
479,Stesha,Bourthoumieux
480,Silas,Matissoff
481,Maxi,Sinney
482,Rogerio,Quakley
483,Wayland,Merrydew
484,Marney,Boraston
485,Constantine,Spriggen
486,Angelina,Goodey
487,Donnell,Abrahamson
488,Kristopher,Cowing
489,Richie,Brecher
490,Fred,Pughsley
491,Dion,Payler
492,Ileana,Danniel
493,Ashely,Alders
494,Leia,Eldrid
495,Murielle,Davison
496,Hersh,McClinton
497,Mozes,Yeo
498,Roderich,Lawlie
499,Nicolas,Powley
500,Tove,Offiler
501,Corie,Gerrish
502,Benita,Johnsson
503,Cassius,Merit
504,Stephanie,Lovel
505,Stacee,Champain
506,Carmel,Gimson
507,Kassia,Chilvers
508,Nerissa,Ege
509,Vittorio,Camili
510,Prince,Bliss
511,Robinet,Guiton
512,Jania,Youings
513,Kessia,Duinbleton
514,Carilyn,Zanuciolii
515,Neysa,Edensor
516,Kalina,O'Hickee
517,Lori,Kerfut
518,Ola,Popplestone
519,Aliza,Pettit
520,Bank,Rothman
521,Perkin,MacVean
522,Othilia,Coulthard
523,Aubree,Oxbrow
524,Monroe,Mashal
525,Bartolemo,Holme
526,Rafi,Grinyer
527,Gerry,Durman
528,Fredrick,Finley
529,Teri,Venney
530,Gay,Blaiklock
531,Harley,Klimsch
532,Gavrielle,Leil
533,Ellerey,Estabrook
534,Beryle,Leask
535,Isiahi,d' Eye
536,Delphinia,Prettejohns
537,Ellen,Dressell
538,Alyse,Trowel
539,Cairistiona,Ellick
540,Maurice,Anthill
541,Loy,Wornham
542,Marjie,Richie
543,Harriet,McIlhagga
544,Elie,Mews
545,Susy,Toopin
546,Dev,Pearson
547,Emmit,Lerway
548,Dynah,Alvarado
549,Malcolm,Georgeou
550,Carleton,Jerred
551,Rinaldo,Stogill
552,Elnore,Akast
553,Dix,Froggatt
554,Waite,Knoles
555,Giorgia,Garard
556,Xylia,Lydon
557,Franciska,Jankovsky
558,Faina,Lourens
559,Jeff,Berzons
560,Reta,Paulsen
561,Morris,Bennison
562,Arabela,Busswell
563,Sayers,Wheatcroft
564,Ashly,McNulty
565,Clarabelle,Wallenger
566,Derwin,Remon
567,Gerhardt,Anglim
568,Carlye,Theodore
569,Lura,Butterly
570,Gianni,Gilroy
571,Emmott,Pidcock
572,Lauree,Cadwallader
573,Waylen,Finnes
574,Langston,Kernoghan
575,Jock,Garmons
576,Hugo,Berthot
577,Alasdair,Shurville
578,Eamon,Neno
579,Atlanta,Gillott
580,Nicol,Widdison
581,Miltie,Barrott
582,Phelia,Jouannisson
583,Chan,Coombs
584,Gardiner,Sargerson
585,Anallise,Mathey
586,Paulo,Rickhuss
587,Pearla,Mcall
588,Julio,Moxted
589,Annalise,Longridge
590,Margaret,Mullarkey
591,Nev,Wonfor
592,Shellysheldon,Capener
593,Casey,Girling
594,Syd,Fernant
595,Mella,Cunrado
596,Granthem,Torry
597,Blayne,Tibbits
598,Jareb,Courcey
599,Oliver,Vaudin
600,Sonny,Phebee
601,Gweneth,de Almeida
602,Rosmunda,Rottger
603,Missie,Bockin
604,Cora,Allebone
605,Bernadette,Riccardi
606,Elysia,Echlin
607,Roldan,Bartlomiej
608,Aubry,Horribine
609,Dionne,Binyon
610,Obidiah,Relton
611,Llywellyn,Dongate
612,Miriam,Kneal
613,Ranice,Hartburn
614,Jacob,Teale
615,Cynthea,Orht
616,Corney,Stanett
617,Cam,Averill
618,Daryl,Gladwin
619,Madella,Darey
620,Koralle,Fenny
621,Teddy,Goodliff
622,Olly,Rylatt
623,Joye,Shambrooke
624,Skell,Cronchey
625,Buddie,Soppett
626,Stephanie,Dawidman
627,Ivan,Griswaite
628,Deva,Hanscombe
629,Elmo,Fenton
630,Devlin,Rodda
631,Bertina,Haglinton
632,Alfonso,Kingswood
633,Liva,Sapsed
634,Bianka,MacSporran
635,Felizio,Keme
636,Franchot,Daly
637,Grace,Mandrier
638,Caye,Harce
639,Curt,Fritzer
640,Thatch,Sheara
641,Brandie,Headland
642,Carlota,Battson
643,Corbie,Apperley
644,Hugh,Gilligan
645,Ciel,Cleverley
646,Renard,Lovemore
647,Gerardo,Camber
648,Merell,Cullimore
649,Sunshine,De Lacey
650,Rufus,Jedrzej
651,Anthony,Mollatt
652,Rand,Brewood
653,Normand,Dibsdale
654,Andree,Scocroft
655,Mort,Ricco
656,Barbara-anne,Brill
657,Oralla,Lorinez
658,Trev,Pettingill
659,Ellyn,Rozzier
660,Gertrudis,Flook
661,Lefty,Privost
662,Gaby,Fleischmann
663,Hermia,Calbrathe
664,Bobbi,Rodders
665,Anselma,Akram
666,Penelopa,Stanhope
667,Nollie,Troughton
668,Franky,Lovick
669,Sindee,Le Marquand
670,Antons,Gomby
671,Merry,Tallant
672,Jefferey,Tiffney
673,Marmaduke,Beckford
674,Peyter,Bellenie
675,Vida,Habgood
676,Farr,Zorzeno...
